{
    "instances": [
        {
            "Amount": 0.01,
            "Time": 102572.0,
            "V1": -28.709229254179302,
            "V10": -24.5882624372475,
            "V11": 3.48195180343701,
            "V12": -9.12834128617468,
            "V13": -3.00825547830858,
            "V14": 0.796579962453559,
            "V15": -2.1022985205307,
            "V16": -5.66036644069929,
            "V17": -13.032784956456599,
            "V18": -5.39234917412895,
            "V19": -0.901040817847599,
            "V2": 22.0577289904909,
            "V20": 11.059004293394198,
            "V21": -22.797603905551895,
            "V22": 8.316275438913571,
            "V23": 5.46622995370963,
            "V24": 0.0238542303884927,
            "V25": -1.52714472319428,
            "V26": -0.145225187134896,
            "V27": -5.682338239906981,
            "V28": -0.43913367505145795,
            "V3": -27.85581113362120,
            "V4": 11.8450129100508,
            "V5": -18.9838125824286,
            "V6": 6.474114627488491,
            "V7": -43.5572415712451,
            "V8": -41.0442609210741,
            "V9": -13.3201546920984,
        },
        {
            "Amount": 0.0,
            "Time": 102114.0,
            "V1": -28.255052893210802,
            "V10": -24.403184969972802,
            "V11": 3.40932261990014,
            "V12": -9.60826735632918,
            "V13": -3.0763179681740804,
            "V14": 0.240060357919937,
            "V15": -2.83667693195872,
            "V16": -6.594756991638,
            "V17": -12.957530994844902,
            "V18": -5.61352195004329,
            "V19": -0.248828402209821,
            "V2": 21.4672029942752,
            "V20": 10.4407179813405,
            "V21": -21.453736278146803,
            "V22": 8.361985191684349,
            "V23": 4.90911112135878,
            "V24": 0.0983279449493119,
            "V25": -1.50873912052995,
            "V26": 0.00871129047841733,
            "V27": -5.4078236392388,
            "V28": -0.183811044930697,
            "V3": -26.871338779713604,
            "V4": 11.7374361361796,
            "V5": -17.9996302850189,
            "V6": 6.0659013519233,
            "V7": -41.5067960832574,
            "V8": -38.9872627434095,
            "V9": -13.4340663182301,
        }
    ]
}
